{
  "name": "devbridge-autocomplete",
  "version": "1.2.24",
  "homepage": "https://github.com/devbridge/jQuery-Autocomplete",
  "authors": [
    "Tomas Kirda"
  ],
  "description": "Autocomplete provides suggestions while you type into the text field.",
  "main": "dist/jquery.autocomplete.js",
  "keywords": [
    "ajax",
    "autocomplete"
  ],
  "license": "MIT",
  "ignore": [
    "**/.*",
    "node_modules",
    "bower_components",
    "spec",
    "scripts",
    "content"
  ],
  "dependencies": {
    "jquery": ">=1.7"
  },
  "_release": "1.2.24",
  "_resolution": {
    "type": "version",
    "tag": "v1.2.24",
    "commit": "dfbca90052e83682233a2bcc67c668c644630b6b"
  },
  "_source": "https://github.com/devbridge/jQuery-Autocomplete.git",
  "_target": "^1.2.24",
  "_originalSource": "devbridge-autocomplete",
  "_direct": true
}